"Fire_State","Fire_Name","Site_Name","X","Y"
"WA","CedarCreek","Ced1_COR",-1802342.25564075,3066835.32814532
"WA","CedarCreek","Ced2_COR",-1805501.01150834,3062507.7082294
"WA","CedarCreek","Ced3_COR",-1796791.79778606,3058663.44848701
"WA","CubCreek2","Cub1_COR",-1776103.86599292,3077606.2817363
